{
  "NMF": {
    "K": 10,
    "coherence_c_v": 0.8197837217691596
  },
  "LDA": {
    "K": 10,
    "coherence_c_v": 0.5229534275158985
  }
}